NO,시군구,번지,본번,부번,단지명,전월세구분,전용면적(㎡),계약년월,계약일,보증금(만원),월세금(만원),층,건축년도,도로명,계약기간,계약구분,갱신요구권 사용,종전계약 보증금(만원),종전계약 월세(만원),주택유형
1,서울특별시 서대문구 연희동,745,745,0,연희자이엘라,월세,13.642,202012,29,"2,000",55,2,2014,연희로5길 14,-,-,-,,,아파트
2,서울특별시 서대문구 연희동,739,739,0,대우푸르지오,월세,114.705,202012,28,"12,000",150,7,2002,연희로 38-20,-,-,-,,,아파트
3,서울특별시 서대문구 연희동,700,700,0,대림,전세,84.74,202012,28,"37,800",0,1,1993,연희로32길 20,-,-,-,,,아파트
4,서울특별시 서대문구 연희동,740,740,0,성원,전세,84.95,202012,27,"47,000",0,2,2001,연희로32길 48,-,-,-,,,아파트
5,서울특별시 서대문구 연희동,740,740,0,성원,월세,84.95,202012,26,"5,000",150,5,2001,연희로32길 48,-,-,-,,,아파트
6,서울특별시 서대문구 연희동,745,745,0,연희자이엘라,전세,13.642,202012,26,"14,000",0,7,2014,연희로5길 14,-,-,-,,,아파트
7,서울특별시 서대문구 연희동,745,745,0,연희자이엘라,월세,13.642,202012,23,"4,000",50,6,2014,연희로5길 14,-,-,-,,,아파트
8,서울특별시 서대문구 연희동,739,739,0,대우푸르지오,월세,84.706,202012,22,"7,000",140,1,2002,연희로 38-20,-,-,-,,,아파트
9,서울특별시 서대문구 연희동,745,745,0,연희자이엘라,월세,13.642,202012,21,"3,000",55,5,2014,연희로5길 14,-,-,-,,,아파트
10,서울특별시 서대문구 연희동,747,747,0,연희파크푸르지오,월세,59.9835,202012,19,"15,000",70,13,2018,홍제천로 136,-,-,-,,,아파트
11,서울특별시 서대문구 연희동,105-4,105,4,은하,전세,49.59,202012,19,"16,500",0,4,1971,연희로15길 127,-,-,-,,,아파트
12,서울특별시 서대문구 연희동,746,746,0,연희웨스트팰리스,전세,13.12,202012,18,"12,600",0,2,2014,연희로5길 54-11,-,-,-,,,아파트
13,서울특별시 서대문구 연희동,747,747,0,연희파크푸르지오,전세,84.4317,202012,16,"35,000",0,4,2018,홍제천로 136,-,-,-,,,아파트
14,서울특별시 서대문구 연희동,171-10,171,10,제니스APT,월세,59.87,202012,16,"3,000",100,6,2016,모래내로 376,-,-,-,,,아파트
15,서울특별시 서대문구 연희동,738,738,0,임광,월세,59.96,202012,15,"33,000",20,7,1999,동교로 291,-,-,-,,,아파트
16,서울특별시 서대문구 연희동,738,738,0,임광,월세,59.96,202012,15,"33,000",20,7,1999,동교로 291,-,-,-,,,아파트
17,서울특별시 서대문구 연희동,723-9,723,9,홍연(723-9),전세,40.33,202012,13,"9,500",0,5,1981,홍연6길 40,-,-,-,,,아파트
18,서울특별시 서대문구 연희동,745,745,0,연희자이엘라,월세,20.777,202012,11,"6,000",60,9,2014,연희로5길 14,-,-,-,,,아파트
19,서울특별시 서대문구 연희동,196-1,196,1,연희궁,전세,42.38,202012,11,"4,000",0,4,1972,증가로2길 40-16,-,-,-,,,아파트
20,서울특별시 서대문구 연희동,747,747,0,연희파크푸르지오,전세,112.8619,202012,11,"72,000",0,13,2018,홍제천로 136,-,-,-,,,아파트
21,서울특별시 서대문구 연희동,105-4,105,4,은하,월세,49.59,202012,9,"4,500",40,4,1971,연희로15길 127,-,-,-,,,아파트
22,서울특별시 서대문구 연희동,708-4,708,4,홍연,전세,54.35,202012,7,"17,000",0,3,1981,홍연8길 7,-,-,-,,,아파트
23,서울특별시 서대문구 연희동,746,746,0,연희웨스트팰리스,전세,13.12,202012,7,"16,500",0,3,2014,연희로5길 54-11,202101~202301,신규,-,,,아파트
24,서울특별시 서대문구 연희동,740,740,0,성원,전세,115.06,202012,6,"84,000",0,2,2001,연희로32길 48,-,-,-,,,아파트
25,서울특별시 서대문구 연희동,738,738,0,임광,월세,59.96,202012,5,"23,000",40,17,1999,동교로 291,-,-,-,,,아파트
26,서울특별시 서대문구 연희동,740,740,0,성원,전세,135.2,202012,3,"75,000",0,1,2001,연희로32길 48,-,-,-,,,아파트
27,서울특별시 서대문구 연희동,746,746,0,연희웨스트팰리스,전세,26.88,202012,3,"20,000",0,10,2014,연희로5길 54-11,-,-,-,,,아파트
28,서울특별시 서대문구 연희동,151-41,151,41,금보,월세,82.84,202012,2,"3,000",120,2,2004,연희로31길 14,-,-,-,,,아파트
29,서울특별시 서대문구 연희동,37-1,37,1,리베르떼-빌(LibertVille),월세,207.86,202012,2,"20,000",250,4,2002,연희로10길 43-20,-,-,-,,,아파트
30,서울특별시 서대문구 연희동,740,740,0,성원,월세,84.95,202012,1,"45,000",50,4,2001,연희로32길 48,-,-,-,,,아파트
31,서울특별시 서대문구 연희동,746,746,0,연희웨스트팰리스,월세,13.12,202012,1,500,70,3,2014,연희로5길 54-11,-,-,-,,,아파트
32,서울특별시 서대문구 연희동,739,739,0,대우푸르지오,전세,84.706,202011,27,"60,000",0,13,2002,연희로 38-20,-,-,-,,,아파트
33,서울특별시 서대문구 연희동,747,747,0,연희파크푸르지오,전세,59.9835,202011,26,"37,800",0,14,2018,홍제천로 136,-,-,-,,,아파트
34,서울특별시 서대문구 연희동,747,747,0,연희파크푸르지오,전세,59.9835,202011,22,"60,000",0,12,2018,홍제천로 136,-,-,-,,,아파트
35,서울특별시 서대문구 연희동,739,739,0,대우푸르지오,월세,84.706,202011,21,"40,000",25,16,2002,연희로 38-20,-,-,-,,,아파트
36,서울특별시 서대문구 연희동,723-9,723,9,홍연(723-9),전세,52.23,202011,19,"10,000",0,3,1981,홍연6길 40,-,-,-,,,아파트
37,서울특별시 서대문구 연희동,747,747,0,연희파크푸르지오,전세,84.6194,202011,18,"70,000",0,4,2018,홍제천로 136,-,-,-,,,아파트
38,서울특별시 서대문구 연희동,105-4,105,4,은하,전세,49.59,202011,18,"17,000",0,5,1971,연희로15길 127,-,-,-,,,아파트
39,서울특별시 서대문구 연희동,740,740,0,성원,전세,59.61,202011,18,"34,000",0,11,2001,연희로32길 48,-,-,-,,,아파트
40,서울특별시 서대문구 연희동,740,740,0,성원,전세,59.61,202011,18,"34,000",0,11,2001,연희로32길 48,-,-,-,,,아파트
41,서울특별시 서대문구 연희동,747,747,0,연희파크푸르지오,전세,84.6194,202011,16,"63,000",0,3,2018,홍제천로 136,-,-,-,,,아파트
42,서울특별시 서대문구 연희동,739,739,0,대우푸르지오,월세,59.79,202011,15,50,50,8,2002,연희로 38-20,-,-,-,,,아파트
43,서울특별시 서대문구 연희동,745,745,0,연희자이엘라,월세,13.642,202011,13,500,65,3,2014,연희로5길 14,-,-,-,,,아파트
44,서울특별시 서대문구 연희동,740,740,0,성원,월세,59.61,202011,12,"2,000",105,18,2001,연희로32길 48,202011~202211,신규,-,,,아파트
45,서울특별시 서대문구 연희동,740,740,0,성원,월세,84.95,202011,7,"35,000",50,6,2001,연희로32길 48,-,-,-,,,아파트
46,서울특별시 서대문구 연희동,747,747,0,연희파크푸르지오,전세,59.9835,202011,5,"65,000",0,5,2018,홍제천로 136,-,-,-,,,아파트
47,서울특별시 서대문구 연희동,740,740,0,성원,월세,59.61,202011,3,"15,000",70,7,2001,연희로32길 48,-,-,-,,,아파트
48,서울특별시 서대문구 연희동,739,739,0,대우푸르지오,월세,59.584,202011,2,"25,000",40,11,2002,연희로 38-20,-,-,-,,,아파트
49,서울특별시 서대문구 연희동,169-3,169,3,드리밍아파트,전세,79.26,202011,1,"45,000",0,9,2006,홍제천로 204,-,-,-,,,아파트
50,서울특별시 서대문구 연희동,740,740,0,성원,전세,84.95,202010,30,"45,200",0,6,2001,연희로32길 48,-,-,-,,,아파트
51,서울특별시 서대문구 연희동,747,747,0,연희파크푸르지오,전세,59.9835,202010,30,"43,000",0,9,2018,홍제천로 136,-,-,-,,,아파트
52,서울특별시 서대문구 연희동,703-25,703,25,선명(102동),전세,66.36,202010,28,"35,000",0,5,2004,증가로 74,-,-,-,,,아파트
53,서울특별시 서대문구 연희동,703-25,703,25,선명(102동),전세,66.36,202010,28,"35,000",0,5,2004,증가로 74,-,-,-,,,아파트
54,서울특별시 서대문구 연희동,742,742,0,성원쌍떼빌팰리스,월세,84.98,202010,24,"5,000",160,6,2005,연희로28길 35-28,-,-,-,,,아파트
55,서울특별시 서대문구 연희동,700,700,0,대림,전세,84.74,202010,22,"45,000",0,8,1993,연희로32길 20,-,-,-,,,아파트
56,서울특별시 서대문구 연희동,700,700,0,대림,월세,84.74,202010,22,"5,000",120,6,1993,연희로32길 20,-,-,-,,,아파트
57,서울특별시 서대문구 연희동,740,740,0,성원,월세,84.95,202010,21,"5,000",150,3,2001,연희로32길 48,-,-,-,,,아파트
58,서울특별시 서대문구 연희동,747,747,0,연희파크푸르지오,월세,59.9835,202010,19,"10,000",160,8,2018,홍제천로 136,-,-,-,,,아파트
59,서울특별시 서대문구 연희동,708-4,708,4,홍연,월세,52.23,202010,19,"5,000",70,3,1981,홍연8길 7,-,-,-,,,아파트
60,서울특별시 서대문구 연희동,739,739,0,대우푸르지오,월세,84.706,202010,19,"30,000",80,18,2002,연희로 38-20,-,-,-,,,아파트
61,서울특별시 서대문구 연희동,700,700,0,대림,전세,84.74,202010,18,"43,500",0,2,1993,연희로32길 20,-,-,-,,,아파트
62,서울특별시 서대문구 연희동,740,740,0,성원,전세,84.95,202010,18,"55,000",0,8,2001,연희로32길 48,-,-,-,,,아파트
63,서울특별시 서대문구 연희동,747,747,0,연희파크푸르지오,전세,84.8,202010,17,"73,000",0,9,2018,홍제천로 136,-,-,-,,,아파트
64,서울특별시 서대문구 연희동,739,739,0,대우푸르지오,전세,59.584,202010,17,"45,000",0,2,2002,연희로 38-20,-,-,-,,,아파트
65,서울특별시 서대문구 연희동,739,739,0,대우푸르지오,전세,84.706,202010,17,"50,000",0,17,2002,연희로 38-20,-,-,-,,,아파트
66,서울특별시 서대문구 연희동,700,700,0,대림,월세,84.74,202010,17,"20,000",70,1,1993,연희로32길 20,-,-,-,,,아파트
67,서울특별시 서대문구 연희동,747,747,0,연희파크푸르지오,전세,84.8,202010,17,"69,000",0,2,2018,홍제천로 136,-,-,-,,,아파트
68,서울특별시 서대문구 연희동,739,739,0,대우푸르지오,월세,59.584,202010,9,"2,000",130,3,2002,연희로 38-20,-,-,-,,,아파트
69,서울특별시 서대문구 연희동,739,739,0,대우푸르지오,전세,84.706,202010,9,"60,000",0,20,2002,연희로 38-20,-,-,-,,,아파트
70,서울특별시 서대문구 연희동,740,740,0,성원,월세,84.95,202010,8,"10,000",130,5,2001,연희로32길 48,202012~202212,신규,-,,,아파트
71,서울특별시 서대문구 연희동,747,747,0,연희파크푸르지오,월세,84.4317,202010,7,"50,000",50,5,2018,홍제천로 136,-,-,-,,,아파트
72,서울특별시 서대문구 연희동,196-1,196,1,연희궁,전세,42.38,202010,7,"10,000",0,3,1972,증가로2길 40-16,-,-,-,,,아파트
73,서울특별시 서대문구 연희동,708-4,708,4,홍연,월세,74.25,202009,28,"5,000",50,3,1981,홍연8길 7,-,-,-,,,아파트
74,서울특별시 서대문구 연희동,700,700,0,대림,전세,119.49,202009,22,"50,000",0,1,1993,연희로32길 20,-,-,-,,,아파트
75,서울특별시 서대문구 연희동,169-9,169,9,에코빌리지,전세,67.68,202009,21,"30,000",0,4,2009,홍제천로 202,-,-,-,,,아파트
76,서울특별시 서대문구 연희동,740,740,0,성원,전세,84.95,202009,19,"51,000",0,6,2001,연희로32길 48,-,-,-,,,아파트
77,서울특별시 서대문구 연희동,747,747,0,연희파크푸르지오,전세,84.8,202009,19,"73,000",0,11,2018,홍제천로 136,-,-,-,,,아파트
78,서울특별시 서대문구 연희동,739,739,0,대우푸르지오,전세,84.706,202009,11,"50,400",0,2,2002,연희로 38-20,-,-,-,,,아파트
79,서울특별시 서대문구 연희동,700,700,0,대림,전세,84.74,202009,11,"45,000",0,10,1993,연희로32길 20,-,-,-,,,아파트
80,서울특별시 서대문구 연희동,739,739,0,대우푸르지오,월세,59.584,202009,8,"20,000",20,17,2002,연희로 38-20,-,-,-,,,아파트
81,서울특별시 서대문구 연희동,739,739,0,대우푸르지오,전세,59.584,202009,8,"43,000",0,7,2002,연희로 38-20,-,-,-,,,아파트
82,서울특별시 서대문구 연희동,747,747,0,연희파크푸르지오,월세,59.9835,202009,6,"45,000",20,19,2018,홍제천로 136,-,-,-,,,아파트
83,서울특별시 서대문구 연희동,740,740,0,성원,전세,84.95,202009,5,"48,300",0,16,2001,연희로32길 48,-,-,-,,,아파트
84,서울특별시 서대문구 연희동,700,700,0,대림,전세,119.49,202009,5,"46,000",0,4,1993,연희로32길 20,-,-,-,,,아파트
85,서울특별시 서대문구 연희동,740,740,0,성원,월세,115.06,202008,31,"30,000",120,12,2001,연희로32길 48,-,-,-,,,아파트
86,서울특별시 서대문구 연희동,745,745,0,연희자이엘라,월세,13.642,202008,28,500,65,6,2014,연희로5길 14,-,-,-,,,아파트
87,서울특별시 서대문구 연희동,712-25,712,25,파크빌,전세,75.27,202008,27,"25,000",0,2,2003,홍연길 60,-,-,-,,,아파트
88,서울특별시 서대문구 연희동,700,700,0,대림,월세,84.74,202008,21,"10,000",120,1,1993,연희로32길 20,-,-,-,,,아파트
89,서울특별시 서대문구 연희동,747,747,0,연희파크푸르지오,전세,59.9835,202008,20,"49,000",0,5,2018,홍제천로 136,-,-,-,,,아파트
90,서울특별시 서대문구 연희동,740,740,0,성원,전세,84.95,202008,20,"52,000",0,1,2001,연희로32길 48,-,-,-,,,아파트
91,서울특별시 서대문구 연희동,739,739,0,대우푸르지오,월세,84.706,202008,18,"30,000",70,8,2002,연희로 38-20,-,-,-,,,아파트
92,서울특별시 서대문구 연희동,738,738,0,임광,월세,59.96,202008,15,"35,000",10,18,1999,동교로 291,-,-,-,,,아파트
93,서울특별시 서대문구 연희동,738,738,0,임광,월세,59.96,202008,15,"35,000",10,18,1999,동교로 291,-,-,-,,,아파트
94,서울특별시 서대문구 연희동,739,739,0,대우푸르지오,월세,114.705,202008,14,"30,000",120,21,2002,연희로 38-20,-,-,-,,,아파트
95,서울특별시 서대문구 연희동,700,700,0,대림,월세,84.74,202008,14,"30,000",40,2,1993,연희로32길 20,-,-,-,,,아파트
96,서울특별시 서대문구 연희동,739,739,0,대우푸르지오,전세,59.584,202008,10,"39,000",0,20,2002,연희로 38-20,-,-,-,,,아파트
97,서울특별시 서대문구 연희동,739,739,0,대우푸르지오,전세,114.705,202008,8,"60,000",0,12,2002,연희로 38-20,-,-,-,,,아파트
98,서울특별시 서대문구 연희동,739,739,0,대우푸르지오,전세,59.79,202008,4,"39,000",0,7,2002,연희로 38-20,-,-,-,,,아파트
99,서울특별시 서대문구 연희동,740,740,0,성원,월세,84.95,202008,4,"5,000",140,7,2001,연희로32길 48,-,-,-,,,아파트
100,서울특별시 서대문구 연희동,739,739,0,대우푸르지오,전세,114.705,202007,30,"60,000",0,16,2002,연희로 38-20,-,-,-,,,아파트
101,서울특별시 서대문구 연희동,739,739,0,대우푸르지오,월세,59.584,202007,30,"30,000",32,13,2002,연희로 38-20,-,-,-,,,아파트
102,서울특별시 서대문구 연희동,745,745,0,연희자이엘라,월세,13.642,202007,25,"1,000",67,13,2014,연희로5길 14,-,-,-,,,아파트
103,서울특별시 서대문구 연희동,747,747,0,연희파크푸르지오,전세,84.4317,202007,25,"59,400",0,5,2018,홍제천로 136,-,-,-,,,아파트
104,서울특별시 서대문구 연희동,739,739,0,대우푸르지오,월세,59.584,202007,23,"6,000",100,21,2002,연희로 38-20,-,-,-,,,아파트
105,서울특별시 서대문구 연희동,196-1,196,1,연희궁,월세,42.38,202007,21,"3,000",30,4,1972,증가로2길 40-16,-,-,-,,,아파트
106,서울특별시 서대문구 연희동,740,740,0,성원,전세,59.61,202007,21,"33,000",0,10,2001,연희로32길 48,-,-,-,,,아파트
107,서울특별시 서대문구 연희동,187-122,187,122,우민,월세,92.94,202007,20,"20,000",50,3,2004,연희로11자길 14-31,202009~202209,신규,-,,,아파트
108,서울특별시 서대문구 연희동,739,739,0,대우푸르지오,월세,59.584,202007,19,"13,000",73,16,2002,연희로 38-20,-,-,-,,,아파트
109,서울특별시 서대문구 연희동,745,745,0,연희자이엘라,월세,13.642,202007,18,500,65,2,2014,연희로5길 14,-,-,-,,,아파트
110,서울특별시 서대문구 연희동,739,739,0,대우푸르지오,전세,84.706,202007,17,"51,000",0,7,2002,연희로 38-20,-,-,-,,,아파트
111,서울특별시 서대문구 연희동,739,739,0,대우푸르지오,전세,84.706,202007,15,"53,000",0,7,2002,연희로 38-20,-,-,-,,,아파트
112,서울특별시 서대문구 연희동,740,740,0,성원,월세,59.61,202007,11,"13,000",75,3,2001,연희로32길 48,-,-,-,,,아파트
113,서울특별시 서대문구 연희동,745,745,0,연희자이엘라,월세,13.642,202007,11,"1,000",63,10,2014,연희로5길 14,-,-,-,,,아파트
114,서울특별시 서대문구 연희동,700,700,0,대림,전세,84.74,202007,10,"42,000",0,10,1993,연희로32길 20,-,-,-,,,아파트
115,서울특별시 서대문구 연희동,738,738,0,임광,전세,59.96,202007,8,"37,000",0,2,1999,동교로 291,-,-,-,,,아파트
116,서울특별시 서대문구 연희동,700,700,0,대림,전세,84.74,202007,6,"48,000",0,7,1993,연희로32길 20,-,-,-,,,아파트
117,서울특별시 서대문구 연희동,739,739,0,대우푸르지오,전세,59.584,202007,6,"28,000",0,3,2002,연희로 38-20,-,-,-,,,아파트
118,서울특별시 서대문구 연희동,700,700,0,대림,전세,119.49,202007,5,"41,000",0,1,1993,연희로32길 20,-,-,-,,,아파트
119,서울특별시 서대문구 연희동,742,742,0,성원쌍떼빌팰리스,월세,84.98,202007,4,"8,000",160,8,2005,연희로28길 35-28,-,-,-,,,아파트
120,서울특별시 서대문구 연희동,745,745,0,연희자이엘라,월세,13.642,202007,1,"3,000",55,12,2014,연희로5길 14,-,-,-,,,아파트
121,서울특별시 서대문구 연희동,746,746,0,연희웨스트팰리스,월세,13.12,202006,29,"1,000",60,5,2014,연희로5길 54-11,-,-,-,,,아파트
122,서울특별시 서대문구 연희동,740,740,0,성원,전세,84.95,202006,29,"48,000",0,13,2001,연희로32길 48,-,-,-,,,아파트
123,서울특별시 서대문구 연희동,74-14,74,14,동도아카데미하우스2차,전세,214.63,202006,29,"55,000",0,4,2000,연희로26가길 33,-,-,-,,,아파트
124,서울특별시 서대문구 연희동,739,739,0,대우푸르지오,월세,114.705,202006,28,"30,000",110,20,2002,연희로 38-20,-,-,-,,,아파트
125,서울특별시 서대문구 연희동,103-1,103,1,덕운포레스트힐,전세,135.905,202006,26,"55,000",0,3,2007,증가로 54,-,-,-,,,아파트
126,서울특별시 서대문구 연희동,739,739,0,대우푸르지오,전세,84.706,202006,26,"48,000",0,12,2002,연희로 38-20,-,-,-,,,아파트
127,서울특별시 서대문구 연희동,739,739,0,대우푸르지오,전세,114.705,202006,25,"60,000",0,17,2002,연희로 38-20,-,-,-,,,아파트
128,서울특별시 서대문구 연희동,700,700,0,대림,전세,84.74,202006,22,"45,000",0,10,1993,연희로32길 20,-,-,-,,,아파트
129,서울특별시 서대문구 연희동,742,742,0,성원쌍떼빌팰리스,전세,136.0,202006,22,"63,000",0,3,2005,연희로28길 35-28,-,-,-,,,아파트
130,서울특별시 서대문구 연희동,746,746,0,연희웨스트팰리스,월세,13.12,202006,21,"1,000",60,4,2014,연희로5길 54-11,-,-,-,,,아파트
131,서울특별시 서대문구 연희동,740,740,0,성원,월세,84.95,202006,20,"10,000",120,19,2001,연희로32길 48,-,-,-,,,아파트
132,서울특별시 서대문구 연희동,740,740,0,성원,전세,59.61,202006,20,"34,000",0,7,2001,연희로32길 48,-,-,-,,,아파트
133,서울특별시 서대문구 연희동,746,746,0,연희웨스트팰리스,월세,13.12,202006,18,"1,000",60,6,2014,연희로5길 54-11,-,-,-,,,아파트
134,서울특별시 서대문구 연희동,738,738,0,임광,전세,84.83,202006,17,"40,000",0,15,1999,동교로 291,-,-,-,,,아파트
135,서울특별시 서대문구 연희동,739,739,0,대우푸르지오,전세,59.584,202006,16,"39,500",0,18,2002,연희로 38-20,-,-,-,,,아파트
136,서울특별시 서대문구 연희동,103-1,103,1,덕운포레스트힐,전세,135.905,202006,15,"50,000",0,1,2007,증가로 54,-,-,-,,,아파트
137,서울특별시 서대문구 연희동,747,747,0,연희파크푸르지오,전세,59.9835,202006,13,"45,000",0,14,2018,홍제천로 136,-,-,-,,,아파트
138,서울특별시 서대문구 연희동,739,739,0,대우푸르지오,전세,59.584,202006,12,"40,000",0,5,2002,연희로 38-20,-,-,-,,,아파트
139,서울특별시 서대문구 연희동,746,746,0,연희웨스트팰리스,월세,13.12,202006,11,"1,000",60,8,2014,연희로5길 54-11,-,-,-,,,아파트
140,서울특별시 서대문구 연희동,739,739,0,대우푸르지오,전세,59.584,202006,3,"40,000",0,5,2002,연희로 38-20,-,-,-,,,아파트
141,서울특별시 서대문구 연희동,740,740,0,성원,전세,135.2,202005,30,"78,000",0,11,2001,연희로32길 48,-,-,-,,,아파트
142,서울특별시 서대문구 연희동,740,740,0,성원,월세,84.95,202005,28,"30,000",30,10,2001,연희로32길 48,-,-,-,,,아파트
143,서울특별시 서대문구 연희동,89-9,89,9,연화,전세,78.88,202005,26,"25,000",0,3,1975,연희로25길 101,-,-,-,,,아파트
144,서울특별시 서대문구 연희동,740,740,0,성원,전세,59.61,202005,24,"34,000",0,7,2001,연희로32길 48,-,-,-,,,아파트
145,서울특별시 서대문구 연희동,740,740,0,성원,월세,115.06,202005,23,"50,000",40,5,2001,연희로32길 48,-,-,-,,,아파트
146,서울특별시 서대문구 연희동,740,740,0,성원,전세,84.95,202005,22,"62,000",0,11,2001,연희로32길 48,-,-,-,,,아파트
147,서울특별시 서대문구 연희동,739,739,0,대우푸르지오,전세,114.705,202005,18,"53,000",0,1,2002,연희로 38-20,-,-,-,,,아파트
148,서울특별시 서대문구 연희동,747,747,0,연희파크푸르지오,전세,59.9835,202005,15,"44,000",0,15,2018,홍제천로 136,-,-,-,,,아파트
149,서울특별시 서대문구 연희동,739,739,0,대우푸르지오,월세,59.584,202005,13,"3,000",130,5,2002,연희로 38-20,-,-,-,,,아파트
150,서울특별시 서대문구 연희동,739,739,0,대우푸르지오,월세,59.584,202005,10,"25,000",40,11,2002,연희로 38-20,-,-,-,,,아파트
151,서울특별시 서대문구 연희동,151-41,151,41,금보,월세,75.09,202005,8,"6,000",100,4,2004,연희로31길 14,-,-,-,,,아파트
152,서울특별시 서대문구 연희동,740,740,0,성원,전세,59.61,202005,6,"23,000",0,8,2001,연희로32길 48,-,-,-,,,아파트
153,서울특별시 서대문구 연희동,105-4,105,4,은하,전세,52.89,202005,1,"17,000",0,2,1971,연희로15길 127,-,-,-,,,아파트
154,서울특별시 서대문구 연희동,105-4,105,4,은하,전세,52.89,202005,1,"17,000",0,2,1971,연희로15길 127,-,-,-,,,아파트
155,서울특별시 서대문구 연희동,739,739,0,대우푸르지오,전세,59.79,202004,28,"41,000",0,15,2002,연희로 38-20,-,-,-,,,아파트
156,서울특별시 서대문구 연희동,746,746,0,연희웨스트팰리스,월세,13.12,202004,23,"10,000",10,3,2014,연희로5길 54-11,-,-,-,,,아파트
157,서울특별시 서대문구 연희동,103-1,103,1,덕운포레스트힐,전세,135.905,202004,20,"50,000",0,4,2007,증가로 54,-,-,-,,,아파트
158,서울특별시 서대문구 연희동,745,745,0,연희자이엘라,월세,13.642,202004,18,"1,000",63,3,2014,연희로5길 14,202004~202104,신규,-,,,아파트
159,서울특별시 서대문구 연희동,739,739,0,대우푸르지오,전세,59.584,202004,17,"39,000",0,14,2002,연희로 38-20,-,-,-,,,아파트
160,서울특별시 서대문구 연희동,739,739,0,대우푸르지오,전세,59.584,202004,17,"39,000",0,14,2002,연희로 38-20,-,-,-,,,아파트
161,서울특별시 서대문구 연희동,745,745,0,연희자이엘라,월세,13.642,202004,14,"2,000",60,6,2014,연희로5길 14,202004~202104,신규,-,,,아파트
162,서울특별시 서대문구 연희동,740,740,0,성원,전세,135.2,202004,14,"75,000",0,16,2001,연희로32길 48,-,-,-,,,아파트
163,서울특별시 서대문구 연희동,745,745,0,연희자이엘라,월세,13.642,202004,13,"1,000",60,13,2014,연희로5길 14,-,-,-,,,아파트
164,서울특별시 서대문구 연희동,151-41,151,41,금보,월세,73.58,202004,13,"19,000",37,3,2004,연희로31길 14,-,-,-,,,아파트
165,서울특별시 서대문구 연희동,700,700,0,대림,전세,84.74,202004,13,"45,000",0,5,1993,연희로32길 20,-,-,-,,,아파트
166,서울특별시 서대문구 연희동,742,742,0,성원쌍떼빌팰리스,전세,84.98,202004,13,"55,000",0,15,2005,연희로28길 35-28,-,-,-,,,아파트
167,서울특별시 서대문구 연희동,739,739,0,대우푸르지오,전세,59.584,202004,11,"35,000",0,22,2002,연희로 38-20,-,-,-,,,아파트
168,서울특별시 서대문구 연희동,745,745,0,연희자이엘라,월세,13.642,202004,9,"1,000",60,4,2014,연희로5길 14,-,-,-,,,아파트
169,서울특별시 서대문구 연희동,740,740,0,성원,전세,59.61,202004,9,"35,000",0,5,2001,연희로32길 48,-,-,-,,,아파트
170,서울특별시 서대문구 연희동,739,739,0,대우푸르지오,전세,59.584,202004,6,"38,000",0,18,2002,연희로 38-20,-,-,-,,,아파트
171,서울특별시 서대문구 연희동,740,740,0,성원,전세,59.61,202004,4,"34,000",0,11,2001,연희로32길 48,-,-,-,,,아파트
172,서울특별시 서대문구 연희동,700,700,0,대림,전세,84.74,202004,3,"29,000",0,9,1993,연희로32길 20,-,-,-,,,아파트
173,서울특별시 서대문구 연희동,700,700,0,대림,전세,84.74,202003,31,"39,000",0,8,1993,연희로32길 20,-,-,-,,,아파트
174,서울특별시 서대문구 연희동,746,746,0,연희웨스트팰리스,전세,13.12,202003,31,"12,000",0,8,2014,연희로5길 54-11,-,-,-,,,아파트
175,서울특별시 서대문구 연희동,103-1,103,1,덕운포레스트힐,전세,135.905,202003,28,"50,000",0,2,2007,증가로 54,-,-,-,,,아파트
176,서울특별시 서대문구 연희동,739,739,0,대우푸르지오,전세,84.706,202003,28,"51,000",0,14,2002,연희로 38-20,-,-,-,,,아파트
177,서울특별시 서대문구 연희동,103-1,103,1,덕운포레스트힐,전세,135.905,202003,28,"50,000",0,2,2007,증가로 54,-,-,-,,,아파트
178,서울특별시 서대문구 연희동,739,739,0,대우푸르지오,전세,114.705,202003,27,"60,000",0,8,2002,연희로 38-20,-,-,-,,,아파트
179,서울특별시 서대문구 연희동,705-4,705,4,연희에스엠,전세,68.06,202003,25,"22,000",0,7,2011,홍연2길 21,-,-,-,,,아파트
180,서울특별시 서대문구 연희동,708-4,708,4,홍연,전세,62.9,202003,25,"14,500",0,5,1984,홍연4길 31,-,-,-,,,아파트
181,서울특별시 서대문구 연희동,747,747,0,연희파크푸르지오,전세,59.9835,202003,25,"45,000",0,17,2018,홍제천로 136,-,-,-,,,아파트
182,서울특별시 서대문구 연희동,740,740,0,성원,전세,84.95,202003,24,"48,000",0,11,2001,연희로32길 48,-,-,-,,,아파트
183,서울특별시 서대문구 연희동,740,740,0,성원,전세,84.95,202003,22,"52,000",0,7,2001,연희로32길 48,-,-,-,,,아파트
184,서울특별시 서대문구 연희동,740,740,0,성원,전세,84.95,202003,21,"40,000",0,7,2001,연희로32길 48,-,-,-,,,아파트
185,서울특별시 서대문구 연희동,739,739,0,대우푸르지오,전세,84.706,202003,14,"39,900",0,20,2002,연희로 38-20,-,-,-,,,아파트
186,서울특별시 서대문구 연희동,708-4,708,4,홍연,전세,70.74,202003,11,"20,000",0,1,1981,홍연8길 7,-,-,-,,,아파트
187,서울특별시 서대문구 연희동,739,739,0,대우푸르지오,전세,59.584,202003,7,"37,800",0,13,2002,연희로 38-20,-,-,-,,,아파트
188,서울특별시 서대문구 연희동,740,740,0,성원,전세,84.95,202003,7,"49,000",0,15,2001,연희로32길 48,-,-,-,,,아파트
189,서울특별시 서대문구 연희동,739,739,0,대우푸르지오,월세,114.705,202003,5,"50,000",60,21,2002,연희로 38-20,-,-,-,,,아파트
190,서울특별시 서대문구 연희동,740,740,0,성원,월세,84.95,202003,3,"28,000",70,14,2001,연희로32길 48,-,-,-,,,아파트
191,서울특별시 서대문구 연희동,700,700,0,대림,전세,84.74,202003,2,"39,000",0,8,1993,연희로32길 20,202004~202204,신규,-,,,아파트
192,서울특별시 서대문구 연희동,739,739,0,대우푸르지오,월세,84.706,202002,28,"30,000",80,9,2002,연희로 38-20,-,-,-,,,아파트
193,서울특별시 서대문구 연희동,745,745,0,연희자이엘라,월세,13.642,202002,28,"1,000",65,9,2014,연희로5길 14,202002~202102,신규,-,,,아파트
194,서울특별시 서대문구 연희동,742,742,0,성원쌍떼빌팰리스,전세,148.12,202002,27,"70,000",0,3,2005,연희로28길 35-28,-,-,-,,,아파트
195,서울특별시 서대문구 연희동,745,745,0,연희자이엘라,월세,13.642,202002,22,"10,000",30,3,2014,연희로5길 14,-,-,-,,,아파트
196,서울특별시 서대문구 연희동,745,745,0,연희자이엘라,월세,13.642,202002,20,"4,000",50,2,2014,연희로5길 14,-,-,-,,,아파트
197,서울특별시 서대문구 연희동,739,739,0,대우푸르지오,전세,84.706,202002,19,"50,000",0,13,2002,연희로 38-20,-,-,-,,,아파트
198,서울특별시 서대문구 연희동,739,739,0,대우푸르지오,월세,84.706,202002,19,"39,000",25,11,2002,연희로 38-20,-,-,-,,,아파트
199,서울특별시 서대문구 연희동,738,738,0,임광,월세,84.83,202002,18,"15,000",100,14,1999,동교로 291,-,-,-,,,아파트
200,서울특별시 서대문구 연희동,739,739,0,대우푸르지오,전세,84.706,202002,17,"50,000",0,8,2002,연희로 38-20,-,-,-,,,아파트
201,서울특별시 서대문구 연희동,746,746,0,연희웨스트팰리스,월세,39.32,202002,15,"1,000",110,9,2014,연희로5길 54-11,-,-,-,,,아파트
202,서울특별시 서대문구 연희동,739,739,0,대우푸르지오,월세,59.584,202002,15,"35,000",25,13,2002,연희로 38-20,-,-,-,,,아파트
203,서울특별시 서대문구 연희동,738,738,0,임광,월세,59.96,202002,14,"25,000",45,14,1999,동교로 291,-,-,-,,,아파트
204,서울특별시 서대문구 연희동,705-4,705,4,연희에스엠,전세,68.06,202002,13,"18,000",0,6,2011,홍연2길 21,-,-,-,,,아파트
205,서울특별시 서대문구 연희동,103-1,103,1,덕운포레스트힐,전세,135.905,202002,13,"50,000",0,6,2007,증가로 54,-,-,-,,,아파트
206,서울특별시 서대문구 연희동,103-1,103,1,덕운포레스트힐,전세,135.905,202002,12,"50,000",0,4,2007,증가로 54,-,-,-,,,아파트
207,서울특별시 서대문구 연희동,746,746,0,연희웨스트팰리스,월세,13.12,202002,12,"1,000",60,4,2014,연희로5길 54-11,-,-,-,,,아파트
208,서울특별시 서대문구 연희동,103-1,103,1,덕운포레스트힐,전세,135.905,202002,12,"50,000",0,5,2007,증가로 54,-,-,-,,,아파트
209,서울특별시 서대문구 연희동,739,739,0,대우푸르지오,전세,84.706,202002,10,"50,000",0,2,2002,연희로 38-20,-,-,-,,,아파트
210,서울특별시 서대문구 연희동,739,739,0,대우푸르지오,월세,84.706,202002,8,"30,000",80,9,2002,연희로 38-20,-,-,-,,,아파트
211,서울특별시 서대문구 연희동,745,745,0,연희자이엘라,전세,13.642,202002,7,"13,000",0,8,2014,연희로5길 14,-,-,-,,,아파트
212,서울특별시 서대문구 연희동,745,745,0,연희자이엘라,월세,13.642,202002,5,"1,000",63,2,2014,연희로5길 14,-,-,-,,,아파트
213,서울특별시 서대문구 연희동,740,740,0,성원,전세,84.95,202002,5,"45,000",0,4,2001,연희로32길 48,-,-,-,,,아파트
214,서울특별시 서대문구 연희동,745,745,0,연희자이엘라,전세,13.642,202002,5,"14,200",0,6,2014,연희로5길 14,-,-,-,,,아파트
215,서울특별시 서대문구 연희동,745,745,0,연희자이엘라,월세,13.642,202002,1,"1,000",63,2,2014,연희로5길 14,-,-,-,,,아파트
216,서울특별시 서대문구 연희동,196-1,196,1,연희궁,전세,42.38,202001,31,"9,000",0,2,1972,증가로2길 40-16,-,-,-,,,아파트
217,서울특별시 서대문구 연희동,745,745,0,연희자이엘라,월세,13.642,202001,30,"1,000",63,11,2014,연희로5길 14,-,-,-,,,아파트
218,서울특별시 서대문구 연희동,745,745,0,연희자이엘라,월세,13.642,202001,29,"1,000",65,3,2014,연희로5길 14,-,-,-,,,아파트
219,서울특별시 서대문구 연희동,746,746,0,연희웨스트팰리스,월세,13.12,202001,29,"1,000",60,9,2014,연희로5길 54-11,-,-,-,,,아파트
220,서울특별시 서대문구 연희동,745,745,0,연희자이엘라,월세,13.642,202001,29,"1,000",65,5,2014,연희로5길 14,-,-,-,,,아파트
221,서울특별시 서대문구 연희동,746,746,0,연희웨스트팰리스,월세,13.12,202001,28,"1,000",60,6,2014,연희로5길 54-11,-,-,-,,,아파트
222,서울특별시 서대문구 연희동,745,745,0,연희자이엘라,월세,13.642,202001,28,"1,000",65,4,2014,연희로5길 14,-,-,-,,,아파트
223,서울특별시 서대문구 연희동,218-16,218,16,일진아이윌,전세,84.794,202001,28,"39,000",0,2,2005,동교로 290,-,-,-,,,아파트
224,서울특별시 서대문구 연희동,745,745,0,연희자이엘라,월세,13.642,202001,23,"15,000",10,12,2014,연희로5길 14,-,-,-,,,아파트
225,서울특별시 서대문구 연희동,746,746,0,연희웨스트팰리스,월세,13.12,202001,23,"2,000",60,2,2014,연희로5길 54-11,-,-,-,,,아파트
226,서울특별시 서대문구 연희동,700,700,0,대림,전세,84.74,202001,20,"39,000",0,4,1993,연희로32길 20,-,-,-,,,아파트
227,서울특별시 서대문구 연희동,740,740,0,성원,전세,59.61,202001,20,"31,000",0,14,2001,연희로32길 48,-,-,-,,,아파트
228,서울특별시 서대문구 연희동,739,739,0,대우푸르지오,전세,114.705,202001,20,"57,000",0,7,2002,연희로 38-20,-,-,-,,,아파트
229,서울특별시 서대문구 연희동,746,746,0,연희웨스트팰리스,월세,13.12,202001,19,"1,000",60,7,2014,연희로5길 54-11,-,-,-,,,아파트
230,서울특별시 서대문구 연희동,747,747,0,연희파크푸르지오,전세,59.9835,202001,18,"45,000",0,8,2018,홍제천로 136,-,-,-,,,아파트
231,서울특별시 서대문구 연희동,739,739,0,대우푸르지오,전세,59.79,202001,18,"37,000",0,11,2002,연희로 38-20,-,-,-,,,아파트
232,서울특별시 서대문구 연희동,105-16,105,16,충우,전세,92.56,202001,18,"21,000",0,1,2003,연희로15길 131,-,-,-,,,아파트
233,서울특별시 서대문구 연희동,105-16,105,16,충우,전세,92.56,202001,18,"21,000",0,1,2003,연희로15길 131,-,-,-,,,아파트
234,서울특별시 서대문구 연희동,747,747,0,연희파크푸르지오,전세,59.9835,202001,18,"45,000",0,8,2018,홍제천로 136,-,-,-,,,아파트
235,서울특별시 서대문구 연희동,747,747,0,연희파크푸르지오,전세,59.9835,202001,18,"45,000",0,8,2018,홍제천로 136,-,-,-,,,아파트
236,서울특별시 서대문구 연희동,747,747,0,연희파크푸르지오,전세,59.9835,202001,18,"45,000",0,8,2018,홍제천로 136,-,-,-,,,아파트
237,서울특별시 서대문구 연희동,745,745,0,연희자이엘라,월세,13.642,202001,18,"4,000",50,6,2014,연희로5길 14,-,-,-,,,아파트
238,서울특별시 서대문구 연희동,740,740,0,성원,전세,59.61,202001,16,"34,000",0,10,2001,연희로32길 48,-,-,-,,,아파트
239,서울특별시 서대문구 연희동,745,745,0,연희자이엘라,월세,13.642,202001,16,"1,000",65,7,2014,연희로5길 14,-,-,-,,,아파트
240,서울특별시 서대문구 연희동,81-6,81,6,제이아델리아,전세,185.01,202001,13,"50,000",0,6,2003,연희로25길 23,-,-,-,,,아파트
241,서울특별시 서대문구 연희동,739,739,0,대우푸르지오,전세,84.706,202001,13,"49,000",0,13,2002,연희로 38-20,-,-,-,,,아파트
242,서울특별시 서대문구 연희동,738,738,0,임광,전세,59.96,202001,11,"34,000",0,10,1999,동교로 291,202001~202201,갱신,-,"27,000",35.0,아파트
243,서울특별시 서대문구 연희동,739,739,0,대우푸르지오,전세,114.705,202001,9,"58,000",0,10,2002,연희로 38-20,-,-,-,,,아파트
244,서울특별시 서대문구 연희동,739,739,0,대우푸르지오,전세,114.705,202001,8,"60,000",0,3,2002,연희로 38-20,-,-,-,,,아파트
245,서울특별시 서대문구 연희동,740,740,0,성원,전세,59.61,202001,8,"30,500",0,3,2001,연희로32길 48,-,-,-,,,아파트
246,서울특별시 서대문구 연희동,740,740,0,성원,전세,59.61,202001,4,"33,000",0,4,2001,연희로32길 48,-,-,-,,,아파트
247,서울특별시 서대문구 연희동,739,739,0,대우푸르지오,전세,59.584,202001,3,"37,000",0,17,2002,연희로 38-20,-,-,-,,,아파트
248,서울특별시 서대문구 연희동,700,700,0,대림,전세,84.74,202001,3,"35,000",0,5,1993,연희로32길 20,-,-,-,,,아파트
249,서울특별시 서대문구 연희동,700,700,0,대림,전세,84.74,202001,2,"37,000",0,9,1993,연희로32길 20,-,-,-,,,아파트
250,서울특별시 서대문구 연희동,739,739,0,대우푸르지오,월세,59.584,202001,2,"5,000",90,7,2002,연희로 38-20,-,-,-,,,아파트
251,서울특별시 서대문구 연희동,196-1,196,1,연희궁,월세,42.38,202001,2,"4,000",35,4,1972,증가로2길 40-16,-,-,-,,,아파트
